id_empleado;nombre;id_cargo
1;MARIA CARMEN;1
2;MARIA;2
3;CARMEN;3
4;ANA MARIA;4
5;LAURA;5
6;MARIA PILAR;6
7;MARIA DOLORES;7
8;ISABEL;8
9;JOSEFA;9
10;MARIA TERESA;10
11;ANA;11
12;MARTA;12
13;CRISTINA;13
14;MARIA ANGELES;14
15;LUCIA;12
16;MARIA ISABEL;13
17;MARIA JOSE;14
18;FRANCISCA;15
19;ANTONIA;16
20;DOLORES;17
21;PAULA;18
22;SARA;15
23;ELENA;16
24;MARIA LUISA;17
25;RAQUEL;18
26;ROSA MARIA;15
27;MANUELA;16
28;MARIA JESUS;17
29;PILAR;18
30;CONCEPCION;15
31;MERCEDES;16
32;JULIA;17
33;BEATRIZ;18
34;ALBA;15
35;SILVIA;16
36;NURIA;17
37;IRENE;18
38;PATRICIA;19
39;ROSARIO;20
40;JUANA;21
